<ImportExportXml xmlns:xsi="http://www.w3.org/2001/XMLSchema-instance">
  <Entities>
    <Entity>
      <Name LocalizedName="特別定額給付金申請管理" OriginalName="特別定額給付金申請管理">cr294_specialfundrequest</Name>
      <EntityInfo>
        <entity Name="cr294_specialfundrequest">
          <LocalizedNames>
            <LocalizedName description="特別定額給付金申請管理" languagecode="1041" />
          </LocalizedNames>
          <LocalizedCollectionNames>
            <LocalizedCollectionName description="特別定額給付金申請管理" languagecode="1041" />
          </LocalizedCollectionNames>
          <Descriptions>
            <Description description="" languagecode="1041" />
          </Descriptions>
          <attributes>
            <attribute PhysicalName="cr294_applicationno">
              <Type>nvarchar</Type>
              <Name>cr294_applicationno</Name>
              <LogicalName>cr294_applicationno</LogicalName>
              <RequiredLevel>required</RequiredLevel>
              <DisplayMask>PrimaryName|ValidForAdvancedFind|ValidForForm|ValidForGrid|RequiredForForm</DisplayMask>
              <ImeMode>auto</ImeMode>
              <ValidForUpdateApi>1</ValidForUpdateApi>
              <ValidForReadApi>1</ValidForReadApi>
              <ValidForCreateApi>1</ValidForCreateApi>
              <IsCustomField>1</IsCustomField>
              <IsAuditEnabled>1</IsAuditEnabled>
              <IsSecured>0</IsSecured>
              <IntroducedVersion>1.0.0.0</IntroducedVersion>
              <IsCustomizable>1</IsCustomizable>
              <IsRenameable>1</IsRenameable>
              <CanModifySearchSettings>1</CanModifySearchSettings>
              <CanModifyRequirementLevelSettings>1</CanModifyRequirementLevelSettings>
              <CanModifyAdditionalSettings>1</CanModifyAdditionalSettings>
              <SourceType>0</SourceType>
              <IsGlobalFilterEnabled>0</IsGlobalFilterEnabled>
              <IsSortableEnabled>0</IsSortableEnabled>
              <CanModifyGlobalFilterSettings>1</CanModifyGlobalFilterSettings>
              <CanModifyIsSortableSettings>1</CanModifyIsSortableSettings>
              <IsDataSourceSecret>0</IsDataSourceSecret>
              <AutoNumberFormat></AutoNumberFormat>
              <IsSearchable>1</IsSearchable>
              <IsFilterable>0</IsFilterable>
              <IsRetrievable>1</IsRetrievable>
              <IsLocalizable>0</IsLocalizable>
              <Format>text</Format>
              <MaxLength>100</MaxLength>
              <Length>200</Length>
              <displaynames>
                <displayname description="申請番号" languagecode="1041" />
              </displaynames>
              <Descriptions>
                <Description description="Required name field" languagecode="1041" />
              </Descriptions>
            </attribute>
            <attribute PhysicalName="cr294_applicationstatus">
              <Type>picklist</Type>
              <Name>cr294_applicationstatus</Name>
              <LogicalName>cr294_applicationstatus</LogicalName>
              <RequiredLevel>required</RequiredLevel>
              <DisplayMask>ValidForAdvancedFind|ValidForForm|ValidForGrid</DisplayMask>
              <ImeMode>auto</ImeMode>
              <ValidForUpdateApi>1</ValidForUpdateApi>
              <ValidForReadApi>1</ValidForReadApi>
              <ValidForCreateApi>1</ValidForCreateApi>
              <IsCustomField>1</IsCustomField>
              <IsAuditEnabled>1</IsAuditEnabled>
              <IsSecured>0</IsSecured>
              <IntroducedVersion>1.0.0.0</IntroducedVersion>
              <IsCustomizable>1</IsCustomizable>
              <IsRenameable>1</IsRenameable>
              <CanModifySearchSettings>1</CanModifySearchSettings>
              <CanModifyRequirementLevelSettings>1</CanModifyRequirementLevelSettings>
              <CanModifyAdditionalSettings>1</CanModifyAdditionalSettings>
              <SourceType>0</SourceType>
              <IsGlobalFilterEnabled>0</IsGlobalFilterEnabled>
              <IsSortableEnabled>0</IsSortableEnabled>
              <CanModifyGlobalFilterSettings>1</CanModifyGlobalFilterSettings>
              <CanModifyIsSortableSettings>1</CanModifyIsSortableSettings>
              <IsDataSourceSecret>0</IsDataSourceSecret>
              <AutoNumberFormat></AutoNumberFormat>
              <IsSearchable>0</IsSearchable>
              <IsFilterable>0</IsFilterable>
              <IsRetrievable>0</IsRetrievable>
              <IsLocalizable>0</IsLocalizable>
              <AppDefaultValue>670190000</AppDefaultValue>
              <OptionSetName>cr294_applicationstatus</OptionSetName>
              <displaynames>
                <displayname description="申請状況" languagecode="1041" />
              </displaynames>
              <Descriptions>
                <Description description="" languagecode="1041" />
              </Descriptions>
            </attribute>
            <attribute PhysicalName="cr294_plannedbanktransferdate">
              <Type>datetime</Type>
              <Name>cr294_plannedbanktransferdate</Name>
              <LogicalName>cr294_plannedbanktransferdate</LogicalName>
              <RequiredLevel>none</RequiredLevel>
              <DisplayMask>ValidForAdvancedFind|ValidForForm|ValidForGrid</DisplayMask>
              <ImeMode>auto</ImeMode>
              <ValidForUpdateApi>1</ValidForUpdateApi>
              <ValidForReadApi>1</ValidForReadApi>
              <ValidForCreateApi>1</ValidForCreateApi>
              <IsCustomField>1</IsCustomField>
              <IsAuditEnabled>1</IsAuditEnabled>
              <IsSecured>0</IsSecured>
              <IntroducedVersion>1.0.0.0</IntroducedVersion>
              <IsCustomizable>1</IsCustomizable>
              <IsRenameable>1</IsRenameable>
              <CanModifySearchSettings>1</CanModifySearchSettings>
              <CanModifyRequirementLevelSettings>1</CanModifyRequirementLevelSettings>
              <CanModifyAdditionalSettings>1</CanModifyAdditionalSettings>
              <SourceType>0</SourceType>
              <IsGlobalFilterEnabled>0</IsGlobalFilterEnabled>
              <IsSortableEnabled>0</IsSortableEnabled>
              <CanModifyGlobalFilterSettings>1</CanModifyGlobalFilterSettings>
              <CanModifyIsSortableSettings>1</CanModifyIsSortableSettings>
              <IsDataSourceSecret>0</IsDataSourceSecret>
              <AutoNumberFormat></AutoNumberFormat>
              <IsSearchable>1</IsSearchable>
              <IsFilterable>0</IsFilterable>
              <IsRetrievable>0</IsRetrievable>
              <IsLocalizable>0</IsLocalizable>
              <Format>date</Format>
              <CanChangeDateTimeBehavior>1</CanChangeDateTimeBehavior>
              <Behavior>1</Behavior>
              <displaynames>
                <displayname description="振込日(目安)" languagecode="1041" />
              </displaynames>
              <Descriptions>
                <Description description="" languagecode="1041" />
              </Descriptions>
            </attribute>
            <attribute PhysicalName="cr294_specialfundrequestId">
              <Type>primarykey</Type>
              <Name>cr294_specialfundrequestid</Name>
              <LogicalName>cr294_specialfundrequestid</LogicalName>
              <RequiredLevel>systemrequired</RequiredLevel>
              <DisplayMask>ValidForAdvancedFind|RequiredForGrid</DisplayMask>
              <ImeMode>auto</ImeMode>
              <ValidForUpdateApi>0</ValidForUpdateApi>
              <ValidForReadApi>1</ValidForReadApi>
              <ValidForCreateApi>1</ValidForCreateApi>
              <IsCustomField>0</IsCustomField>
              <IsAuditEnabled>0</IsAuditEnabled>
              <IsSecured>0</IsSecured>
              <IntroducedVersion>1.0.0.0</IntroducedVersion>
              <IsCustomizable>1</IsCustomizable>
              <IsRenameable>1</IsRenameable>
              <CanModifySearchSettings>1</CanModifySearchSettings>
              <CanModifyRequirementLevelSettings>0</CanModifyRequirementLevelSettings>
              <CanModifyAdditionalSettings>1</CanModifyAdditionalSettings>
              <SourceType>0</SourceType>
              <IsGlobalFilterEnabled>0</IsGlobalFilterEnabled>
              <IsSortableEnabled>0</IsSortableEnabled>
              <CanModifyGlobalFilterSettings>1</CanModifyGlobalFilterSettings>
              <CanModifyIsSortableSettings>1</CanModifyIsSortableSettings>
              <IsDataSourceSecret>0</IsDataSourceSecret>
              <AutoNumberFormat></AutoNumberFormat>
              <IsSearchable>0</IsSearchable>
              <IsFilterable>1</IsFilterable>
              <IsRetrievable>1</IsRetrievable>
              <IsLocalizable>0</IsLocalizable>
              <displaynames>
                <displayname description="特別定額給付金申請管理" languagecode="1041" />
              </displaynames>
              <Descriptions>
                <Description description="エンティティのインスタンスを表す一意識別子です" languagecode="1041" />
              </Descriptions>
            </attribute>
            <attribute PhysicalName="cr294_updatedate">
              <Type>datetime</Type>
              <Name>cr294_updatedate</Name>
              <LogicalName>cr294_updatedate</LogicalName>
              <RequiredLevel>none</RequiredLevel>
              <DisplayMask>ValidForAdvancedFind|ValidForForm|ValidForGrid</DisplayMask>
              <ImeMode>auto</ImeMode>
              <ValidForUpdateApi>1</ValidForUpdateApi>
              <ValidForReadApi>1</ValidForReadApi>
              <ValidForCreateApi>1</ValidForCreateApi>
              <IsCustomField>1</IsCustomField>
              <IsAuditEnabled>1</IsAuditEnabled>
              <IsSecured>0</IsSecured>
              <IntroducedVersion>1.0.0.0</IntroducedVersion>
              <IsCustomizable>1</IsCustomizable>
              <IsRenameable>1</IsRenameable>
              <CanModifySearchSettings>1</CanModifySearchSettings>
              <CanModifyRequirementLevelSettings>1</CanModifyRequirementLevelSettings>
              <CanModifyAdditionalSettings>1</CanModifyAdditionalSettings>
              <SourceType>0</SourceType>
              <IsGlobalFilterEnabled>0</IsGlobalFilterEnabled>
              <IsSortableEnabled>0</IsSortableEnabled>
              <CanModifyGlobalFilterSettings>1</CanModifyGlobalFilterSettings>
              <CanModifyIsSortableSettings>1</CanModifyIsSortableSettings>
              <IsDataSourceSecret>0</IsDataSourceSecret>
              <AutoNumberFormat></AutoNumberFormat>
              <IsSearchable>1</IsSearchable>
              <IsFilterable>0</IsFilterable>
              <IsRetrievable>0</IsRetrievable>
              <IsLocalizable>0</IsLocalizable>
              <Format>date</Format>
              <CanChangeDateTimeBehavior>1</CanChangeDateTimeBehavior>
              <Behavior>1</Behavior>
              <displaynames>
                <displayname description="更新日" languagecode="1041" />
              </displaynames>
              <Descriptions>
                <Description description="" languagecode="1041" />
              </Descriptions>
            </attribute>
            <attribute PhysicalName="CreatedBy">
              <Type>lookup</Type>
              <Name>createdby</Name>
              <LogicalName>createdby</LogicalName>
              <RequiredLevel>none</RequiredLevel>
              <DisplayMask>ValidForAdvancedFind|ValidForForm|ValidForGrid</DisplayMask>
              <ImeMode>auto</ImeMode>
              <ValidForUpdateApi>0</ValidForUpdateApi>
              <ValidForReadApi>1</ValidForReadApi>
              <ValidForCreateApi>0</ValidForCreateApi>
              <IsCustomField>0</IsCustomField>
              <IsAuditEnabled>0</IsAuditEnabled>
              <IsSecured>0</IsSecured>
              <IntroducedVersion>1.0.0.0</IntroducedVersion>
              <IsCustomizable>1</IsCustomizable>
              <IsRenameable>1</IsRenameable>
              <CanModifySearchSettings>1</CanModifySearchSettings>
              <CanModifyRequirementLevelSettings>1</CanModifyRequirementLevelSettings>
              <CanModifyAdditionalSettings>1</CanModifyAdditionalSettings>
              <SourceType>0</SourceType>
              <IsGlobalFilterEnabled>0</IsGlobalFilterEnabled>
              <IsSortableEnabled>0</IsSortableEnabled>
              <CanModifyGlobalFilterSettings>1</CanModifyGlobalFilterSettings>
              <CanModifyIsSortableSettings>1</CanModifyIsSortableSettings>
              <IsDataSourceSecret>0</IsDataSourceSecret>
              <AutoNumberFormat></AutoNumberFormat>
              <IsSearchable>0</IsSearchable>
              <IsFilterable>0</IsFilterable>
              <IsRetrievable>0</IsRetrievable>
              <IsLocalizable>0</IsLocalizable>
              <LookupStyle>single</LookupStyle>
              <LookupTypes />
              <displaynames>
                <displayname description="作成者" languagecode="1041" />
              </displaynames>
              <Descriptions>
                <Description description="レコードを作成したユーザーを表す一意識別子です。" languagecode="1041" />
              </Descriptions>
            </attribute>
            <attribute PhysicalName="CreatedOn">
              <Type>datetime</Type>
              <Name>createdon</Name>
              <LogicalName>createdon</LogicalName>
              <RequiredLevel>none</RequiredLevel>
              <DisplayMask>ValidForAdvancedFind|ValidForForm|ValidForGrid</DisplayMask>
              <ImeMode>inactive</ImeMode>
              <ValidForUpdateApi>0</ValidForUpdateApi>
              <ValidForReadApi>1</ValidForReadApi>
              <ValidForCreateApi>0</ValidForCreateApi>
              <IsCustomField>0</IsCustomField>
              <IsAuditEnabled>0</IsAuditEnabled>
              <IsSecured>0</IsSecured>
              <IntroducedVersion>1.0.0.0</IntroducedVersion>
              <IsCustomizable>1</IsCustomizable>
              <IsRenameable>1</IsRenameable>
              <CanModifySearchSettings>1</CanModifySearchSettings>
              <CanModifyRequirementLevelSettings>1</CanModifyRequirementLevelSettings>
              <CanModifyAdditionalSettings>1</CanModifyAdditionalSettings>
              <SourceType>0</SourceType>
              <IsGlobalFilterEnabled>0</IsGlobalFilterEnabled>
              <IsSortableEnabled>0</IsSortableEnabled>
              <CanModifyGlobalFilterSettings>1</CanModifyGlobalFilterSettings>
              <CanModifyIsSortableSettings>1</CanModifyIsSortableSettings>
              <IsDataSourceSecret>0</IsDataSourceSecret>
              <AutoNumberFormat></AutoNumberFormat>
              <IsSearchable>0</IsSearchable>
              <IsFilterable>1</IsFilterable>
              <IsRetrievable>1</IsRetrievable>
              <IsLocalizable>0</IsLocalizable>
              <Format>datetime</Format>
              <CanChangeDateTimeBehavior>0</CanChangeDateTimeBehavior>
              <Behavior>1</Behavior>
              <displaynames>
                <displayname description="作成日" languagecode="1041" />
              </displaynames>
              <Descriptions>
                <Description description="レコードが作成された日時です。" languagecode="1041" />
              </Descriptions>
            </attribute>
            <attribute PhysicalName="CreatedOnBehalfBy">
              <Type>lookup</Type>
              <Name>createdonbehalfby</Name>
              <LogicalName>createdonbehalfby</LogicalName>
              <RequiredLevel>none</RequiredLevel>
              <DisplayMask>ValidForAdvancedFind|ValidForForm|ValidForGrid</DisplayMask>
              <ImeMode>auto</ImeMode>
              <ValidForUpdateApi>0</ValidForUpdateApi>
              <ValidForReadApi>1</ValidForReadApi>
              <ValidForCreateApi>0</ValidForCreateApi>
              <IsCustomField>0</IsCustomField>
              <IsAuditEnabled>0</IsAuditEnabled>
              <IsSecured>0</IsSecured>
              <IntroducedVersion>1.0.0.0</IntroducedVersion>
              <IsCustomizable>1</IsCustomizable>
              <IsRenameable>1</IsRenameable>
              <CanModifySearchSettings>1</CanModifySearchSettings>
              <CanModifyRequirementLevelSettings>1</CanModifyRequirementLevelSettings>
              <CanModifyAdditionalSettings>1</CanModifyAdditionalSettings>
              <SourceType>0</SourceType>
              <IsGlobalFilterEnabled>0</IsGlobalFilterEnabled>
              <IsSortableEnabled>0</IsSortableEnabled>
              <CanModifyGlobalFilterSettings>1</CanModifyGlobalFilterSettings>
              <CanModifyIsSortableSettings>1</CanModifyIsSortableSettings>
              <IsDataSourceSecret>0</IsDataSourceSecret>
              <AutoNumberFormat></AutoNumberFormat>
              <IsSearchable>0</IsSearchable>
              <IsFilterable>0</IsFilterable>
              <IsRetrievable>0</IsRetrievable>
              <IsLocalizable>0</IsLocalizable>
              <LookupStyle>single</LookupStyle>
              <LookupTypes />
              <displaynames>
                <displayname description="作成者 (代理)" languagecode="1041" />
              </displaynames>
              <Descriptions>
                <Description description="レコードを作成した代理ユーザーを表す一意識別子です。" languagecode="1041" />
              </Descriptions>
            </attribute>
            <attribute PhysicalName="ImportSequenceNumber">
              <Type>int</Type>
              <Name>importsequencenumber</Name>
              <LogicalName>importsequencenumber</LogicalName>
              <RequiredLevel>none</RequiredLevel>
              <DisplayMask>ValidForAdvancedFind</DisplayMask>
              <ImeMode>disabled</ImeMode>
              <ValidForUpdateApi>0</ValidForUpdateApi>
              <ValidForReadApi>1</ValidForReadApi>
              <ValidForCreateApi>1</ValidForCreateApi>
              <IsCustomField>0</IsCustomField>
              <IsAuditEnabled>1</IsAuditEnabled>
              <IsSecured>0</IsSecured>
              <IntroducedVersion>1.0.0.0</IntroducedVersion>
              <IsCustomizable>1</IsCustomizable>
              <IsRenameable>1</IsRenameable>
              <CanModifySearchSettings>1</CanModifySearchSettings>
              <CanModifyRequirementLevelSettings>1</CanModifyRequirementLevelSettings>
              <CanModifyAdditionalSettings>1</CanModifyAdditionalSettings>
              <SourceType>0</SourceType>
              <IsGlobalFilterEnabled>0</IsGlobalFilterEnabled>
              <IsSortableEnabled>0</IsSortableEnabled>
              <CanModifyGlobalFilterSettings>1</CanModifyGlobalFilterSettings>
              <CanModifyIsSortableSettings>1</CanModifyIsSortableSettings>
              <IsDataSourceSecret>0</IsDataSourceSecret>
              <AutoNumberFormat></AutoNumberFormat>
              <IsSearchable>0</IsSearchable>
              <IsFilterable>0</IsFilterable>
              <IsRetrievable>0</IsRetrievable>
              <IsLocalizable>0</IsLocalizable>
              <Format></Format>
              <MinValue>-2147483648</MinValue>
              <MaxValue>2147483647</MaxValue>
              <displaynames>
                <displayname description="インポート シーケンス番号" languagecode="1041" />
              </displaynames>
              <Descriptions>
                <Description description="このレコードを作成したインポートのシーケンス番号です。" languagecode="1041" />
              </Descriptions>
            </attribute>
            <attribute PhysicalName="ModifiedBy">
              <Type>lookup</Type>
              <Name>modifiedby</Name>
              <LogicalName>modifiedby</LogicalName>
              <RequiredLevel>none</RequiredLevel>
              <DisplayMask>ValidForAdvancedFind|ValidForForm|ValidForGrid</DisplayMask>
              <ImeMode>auto</ImeMode>
              <ValidForUpdateApi>0</ValidForUpdateApi>
              <ValidForReadApi>1</ValidForReadApi>
              <ValidForCreateApi>0</ValidForCreateApi>
              <IsCustomField>0</IsCustomField>
              <IsAuditEnabled>0</IsAuditEnabled>
              <IsSecured>0</IsSecured>
              <IntroducedVersion>1.0.0.0</IntroducedVersion>
              <IsCustomizable>1</IsCustomizable>
              <IsRenameable>1</IsRenameable>
              <CanModifySearchSettings>1</CanModifySearchSettings>
              <CanModifyRequirementLevelSettings>1</CanModifyRequirementLevelSettings>
              <CanModifyAdditionalSettings>1</CanModifyAdditionalSettings>
              <SourceType>0</SourceType>
              <IsGlobalFilterEnabled>0</IsGlobalFilterEnabled>
              <IsSortableEnabled>0</IsSortableEnabled>
              <CanModifyGlobalFilterSettings>1</CanModifyGlobalFilterSettings>
              <CanModifyIsSortableSettings>1</CanModifyIsSortableSettings>
              <IsDataSourceSecret>0</IsDataSourceSecret>
              <AutoNumberFormat></AutoNumberFormat>
              <IsSearchable>0</IsSearchable>
              <IsFilterable>0</IsFilterable>
              <IsRetrievable>0</IsRetrievable>
              <IsLocalizable>0</IsLocalizable>
              <LookupStyle>single</LookupStyle>
              <LookupTypes />
              <displaynames>
                <displayname description="修正者" languagecode="1041" />
              </displaynames>
              <Descriptions>
                <Description description="レコードを修正したユーザーを表す一意識別子です。" languagecode="1041" />
              </Descriptions>
            </attribute>
            <attribute PhysicalName="ModifiedOn">
              <Type>datetime</Type>
              <Name>modifiedon</Name>
              <LogicalName>modifiedon</LogicalName>
              <RequiredLevel>none</RequiredLevel>
              <DisplayMask>ValidForAdvancedFind|ValidForForm|ValidForGrid</DisplayMask>
              <ImeMode>inactive</ImeMode>
              <ValidForUpdateApi>0</ValidForUpdateApi>
              <ValidForReadApi>1</ValidForReadApi>
              <ValidForCreateApi>0</ValidForCreateApi>
              <IsCustomField>0</IsCustomField>
              <IsAuditEnabled>0</IsAuditEnabled>
              <IsSecured>0</IsSecured>
              <IntroducedVersion>1.0.0.0</IntroducedVersion>
              <IsCustomizable>1</IsCustomizable>
              <IsRenameable>1</IsRenameable>
              <CanModifySearchSettings>1</CanModifySearchSettings>
              <CanModifyRequirementLevelSettings>1</CanModifyRequirementLevelSettings>
              <CanModifyAdditionalSettings>1</CanModifyAdditionalSettings>
              <SourceType>0</SourceType>
              <IsGlobalFilterEnabled>0</IsGlobalFilterEnabled>
              <IsSortableEnabled>0</IsSortableEnabled>
              <CanModifyGlobalFilterSettings>1</CanModifyGlobalFilterSettings>
              <CanModifyIsSortableSettings>1</CanModifyIsSortableSettings>
              <IsDataSourceSecret>0</IsDataSourceSecret>
              <AutoNumberFormat></AutoNumberFormat>
              <IsSearchable>0</IsSearchable>
              <IsFilterable>1</IsFilterable>
              <IsRetrievable>1</IsRetrievable>
              <IsLocalizable>0</IsLocalizable>
              <Format>datetime</Format>
              <CanChangeDateTimeBehavior>0</CanChangeDateTimeBehavior>
              <Behavior>1</Behavior>
              <displaynames>
                <displayname description="修正日" languagecode="1041" />
              </displaynames>
              <Descriptions>
                <Description description="レコードが修正された日時です。" languagecode="1041" />
              </Descriptions>
            </attribute>
            <attribute PhysicalName="ModifiedOnBehalfBy">
              <Type>lookup</Type>
              <Name>modifiedonbehalfby</Name>
              <LogicalName>modifiedonbehalfby</LogicalName>
              <RequiredLevel>none</RequiredLevel>
              <DisplayMask>ValidForAdvancedFind|ValidForForm|ValidForGrid</DisplayMask>
              <ImeMode>auto</ImeMode>
              <ValidForUpdateApi>0</ValidForUpdateApi>
              <ValidForReadApi>1</ValidForReadApi>
              <ValidForCreateApi>0</ValidForCreateApi>
              <IsCustomField>0</IsCustomField>
              <IsAuditEnabled>0</IsAuditEnabled>
              <IsSecured>0</IsSecured>
              <IntroducedVersion>1.0.0.0</IntroducedVersion>
              <IsCustomizable>1</IsCustomizable>
              <IsRenameable>1</IsRenameable>
              <CanModifySearchSettings>1</CanModifySearchSettings>
              <CanModifyRequirementLevelSettings>1</CanModifyRequirementLevelSettings>
              <CanModifyAdditionalSettings>1</CanModifyAdditionalSettings>
              <SourceType>0</SourceType>
              <IsGlobalFilterEnabled>0</IsGlobalFilterEnabled>
              <IsSortableEnabled>0</IsSortableEnabled>
              <CanModifyGlobalFilterSettings>1</CanModifyGlobalFilterSettings>
              <CanModifyIsSortableSettings>1</CanModifyIsSortableSettings>
              <IsDataSourceSecret>0</IsDataSourceSecret>
              <AutoNumberFormat></AutoNumberFormat>
              <IsSearchable>0</IsSearchable>
              <IsFilterable>0</IsFilterable>
              <IsRetrievable>0</IsRetrievable>
              <IsLocalizable>0</IsLocalizable>
              <LookupStyle>single</LookupStyle>
              <LookupTypes />
              <displaynames>
                <displayname description="修正者 (代理)" languagecode="1041" />
              </displaynames>
              <Descriptions>
                <Description description="レコードを修正した代理ユーザーを表す一意識別子です。" languagecode="1041" />
              </Descriptions>
            </attribute>
            <attribute PhysicalName="OverriddenCreatedOn">
              <Type>datetime</Type>
              <Name>overriddencreatedon</Name>
              <LogicalName>overriddencreatedon</LogicalName>
              <RequiredLevel>none</RequiredLevel>
              <DisplayMask>ValidForAdvancedFind|ValidForGrid</DisplayMask>
              <ImeMode>inactive</ImeMode>
              <ValidForUpdateApi>0</ValidForUpdateApi>
              <ValidForReadApi>1</ValidForReadApi>
              <ValidForCreateApi>1</ValidForCreateApi>
              <IsCustomField>0</IsCustomField>
              <IsAuditEnabled>1</IsAuditEnabled>
              <IsSecured>0</IsSecured>
              <IntroducedVersion>1.0.0.0</IntroducedVersion>
              <IsCustomizable>1</IsCustomizable>
              <IsRenameable>1</IsRenameable>
              <CanModifySearchSettings>1</CanModifySearchSettings>
              <CanModifyRequirementLevelSettings>1</CanModifyRequirementLevelSettings>
              <CanModifyAdditionalSettings>1</CanModifyAdditionalSettings>
              <SourceType>0</SourceType>
              <IsGlobalFilterEnabled>0</IsGlobalFilterEnabled>
              <IsSortableEnabled>0</IsSortableEnabled>
              <CanModifyGlobalFilterSettings>1</CanModifyGlobalFilterSettings>
              <CanModifyIsSortableSettings>1</CanModifyIsSortableSettings>
              <IsDataSourceSecret>0</IsDataSourceSecret>
              <AutoNumberFormat></AutoNumberFormat>
              <IsSearchable>0</IsSearchable>
              <IsFilterable>0</IsFilterable>
              <IsRetrievable>0</IsRetrievable>
              <IsLocalizable>0</IsLocalizable>
              <Format>date</Format>
              <CanChangeDateTimeBehavior>0</CanChangeDateTimeBehavior>
              <Behavior>1</Behavior>
              <displaynames>
                <displayname description="レコード作成日" languagecode="1041" />
              </displaynames>
              <Descriptions>
                <Description description="レコードが移行された日時です。" languagecode="1041" />
              </Descriptions>
            </attribute>
            <attribute PhysicalName="OwnerId">
              <Type>owner</Type>
              <Name>ownerid</Name>
              <LogicalName>ownerid</LogicalName>
              <RequiredLevel>systemrequired</RequiredLevel>
              <DisplayMask>ValidForAdvancedFind|ValidForForm|ValidForGrid|RequiredForForm</DisplayMask>
              <ImeMode>auto</ImeMode>
              <ValidForUpdateApi>1</ValidForUpdateApi>
              <ValidForReadApi>1</ValidForReadApi>
              <ValidForCreateApi>1</ValidForCreateApi>
              <IsCustomField>0</IsCustomField>
              <IsAuditEnabled>1</IsAuditEnabled>
              <IsSecured>0</IsSecured>
              <IntroducedVersion>1.0.0.0</IntroducedVersion>
              <IsCustomizable>1</IsCustomizable>
              <IsRenameable>1</IsRenameable>
              <CanModifySearchSettings>1</CanModifySearchSettings>
              <CanModifyRequirementLevelSettings>1</CanModifyRequirementLevelSettings>
              <CanModifyAdditionalSettings>1</CanModifyAdditionalSettings>
              <SourceType>0</SourceType>
              <IsGlobalFilterEnabled>0</IsGlobalFilterEnabled>
              <IsSortableEnabled>0</IsSortableEnabled>
              <CanModifyGlobalFilterSettings>1</CanModifyGlobalFilterSettings>
              <CanModifyIsSortableSettings>1</CanModifyIsSortableSettings>
              <IsDataSourceSecret>0</IsDataSourceSecret>
              <AutoNumberFormat></AutoNumberFormat>
              <IsSearchable>0</IsSearchable>
              <IsFilterable>1</IsFilterable>
              <IsRetrievable>0</IsRetrievable>
              <IsLocalizable>0</IsLocalizable>
              <LookupStyle>single</LookupStyle>
              <LookupTypes>
                <LookupType id="00000000-0000-0000-0000-000000000000">8</LookupType>
                <LookupType id="00000000-0000-0000-0000-000000000000">9</LookupType>
              </LookupTypes>
              <displaynames>
                <displayname description="所有者" languagecode="1041" />
              </displaynames>
              <Descriptions>
                <Description description="所有者 ID" languagecode="1041" />
              </Descriptions>
            </attribute>
            <attribute PhysicalName="OwningBusinessUnit">
              <Type>lookup</Type>
              <Name>owningbusinessunit</Name>
              <LogicalName>owningbusinessunit</LogicalName>
              <RequiredLevel>none</RequiredLevel>
              <ImeMode>auto</ImeMode>
              <ValidForUpdateApi>0</ValidForUpdateApi>
              <ValidForReadApi>1</ValidForReadApi>
              <ValidForCreateApi>0</ValidForCreateApi>
              <IsCustomField>0</IsCustomField>
              <IsAuditEnabled>0</IsAuditEnabled>
              <IsSecured>0</IsSecured>
              <IntroducedVersion>1.0.0.0</IntroducedVersion>
              <IsCustomizable>1</IsCustomizable>
              <IsRenameable>1</IsRenameable>
              <CanModifySearchSettings>1</CanModifySearchSettings>
              <CanModifyRequirementLevelSettings>1</CanModifyRequirementLevelSettings>
              <CanModifyAdditionalSettings>1</CanModifyAdditionalSettings>
              <SourceType>0</SourceType>
              <IsGlobalFilterEnabled>0</IsGlobalFilterEnabled>
              <IsSortableEnabled>0</IsSortableEnabled>
              <CanModifyGlobalFilterSettings>1</CanModifyGlobalFilterSettings>
              <CanModifyIsSortableSettings>1</CanModifyIsSortableSettings>
              <IsDataSourceSecret>0</IsDataSourceSecret>
              <AutoNumberFormat></AutoNumberFormat>
              <IsSearchable>0</IsSearchable>
              <IsFilterable>1</IsFilterable>
              <IsRetrievable>0</IsRetrievable>
              <IsLocalizable>0</IsLocalizable>
              <LookupStyle>single</LookupStyle>
              <LookupTypes />
              <displaynames>
                <displayname description="所属部署" languagecode="1041" />
              </displaynames>
              <Descriptions>
                <Description description="レコードを所有する部署を表す一意識別子です" languagecode="1041" />
              </Descriptions>
            </attribute>
            <attribute PhysicalName="OwningTeam">
              <Type>lookup</Type>
              <Name>owningteam</Name>
              <LogicalName>owningteam</LogicalName>
              <RequiredLevel>none</RequiredLevel>
              <ImeMode>auto</ImeMode>
              <ValidForUpdateApi>0</ValidForUpdateApi>
              <ValidForReadApi>1</ValidForReadApi>
              <ValidForCreateApi>0</ValidForCreateApi>
              <IsCustomField>0</IsCustomField>
              <IsAuditEnabled>0</IsAuditEnabled>
              <IsLogical>1</IsLogical>
              <IsSecured>0</IsSecured>
              <IntroducedVersion>1.0.0.0</IntroducedVersion>
              <IsCustomizable>1</IsCustomizable>
              <IsRenameable>1</IsRenameable>
              <CanModifySearchSettings>1</CanModifySearchSettings>
              <CanModifyRequirementLevelSettings>1</CanModifyRequirementLevelSettings>
              <CanModifyAdditionalSettings>1</CanModifyAdditionalSettings>
              <SourceType>0</SourceType>
              <IsGlobalFilterEnabled>0</IsGlobalFilterEnabled>
              <IsSortableEnabled>0</IsSortableEnabled>
              <CanModifyGlobalFilterSettings>1</CanModifyGlobalFilterSettings>
              <CanModifyIsSortableSettings>1</CanModifyIsSortableSettings>
              <IsDataSourceSecret>0</IsDataSourceSecret>
              <AutoNumberFormat></AutoNumberFormat>
              <IsSearchable>0</IsSearchable>
              <IsFilterable>0</IsFilterable>
              <IsRetrievable>0</IsRetrievable>
              <IsLocalizable>0</IsLocalizable>
              <LookupStyle>single</LookupStyle>
              <LookupTypes />
              <displaynames>
                <displayname description="所有チーム" languagecode="1041" />
              </displaynames>
              <Descriptions>
                <Description description="レコードを所有するチームを表す一意識別子です。" languagecode="1041" />
              </Descriptions>
            </attribute>
            <attribute PhysicalName="OwningUser">
              <Type>lookup</Type>
              <Name>owninguser</Name>
              <LogicalName>owninguser</LogicalName>
              <RequiredLevel>none</RequiredLevel>
              <ImeMode>auto</ImeMode>
              <ValidForUpdateApi>0</ValidForUpdateApi>
              <ValidForReadApi>1</ValidForReadApi>
              <ValidForCreateApi>0</ValidForCreateApi>
              <IsCustomField>0</IsCustomField>
              <IsAuditEnabled>0</IsAuditEnabled>
              <IsLogical>1</IsLogical>
              <IsSecured>0</IsSecured>
              <IntroducedVersion>1.0.0.0</IntroducedVersion>
              <IsCustomizable>1</IsCustomizable>
              <IsRenameable>1</IsRenameable>
              <CanModifySearchSettings>1</CanModifySearchSettings>
              <CanModifyRequirementLevelSettings>1</CanModifyRequirementLevelSettings>
              <CanModifyAdditionalSettings>1</CanModifyAdditionalSettings>
              <SourceType>0</SourceType>
              <IsGlobalFilterEnabled>0</IsGlobalFilterEnabled>
              <IsSortableEnabled>0</IsSortableEnabled>
              <CanModifyGlobalFilterSettings>1</CanModifyGlobalFilterSettings>
              <CanModifyIsSortableSettings>1</CanModifyIsSortableSettings>
              <IsDataSourceSecret>0</IsDataSourceSecret>
              <AutoNumberFormat></AutoNumberFormat>
              <IsSearchable>0</IsSearchable>
              <IsFilterable>0</IsFilterable>
              <IsRetrievable>0</IsRetrievable>
              <IsLocalizable>0</IsLocalizable>
              <LookupStyle>single</LookupStyle>
              <LookupTypes />
              <displaynames>
                <displayname description="所有ユーザー" languagecode="1041" />
              </displaynames>
              <Descriptions>
                <Description description="レコードを所有するユーザーを表す一意識別子です。" languagecode="1041" />
              </Descriptions>
            </attribute>
            <attribute PhysicalName="statecode">
              <Type>state</Type>
              <Name>statecode</Name>
              <LogicalName>statecode</LogicalName>
              <RequiredLevel>systemrequired</RequiredLevel>
              <DisplayMask>ValidForAdvancedFind|ValidForForm|ValidForGrid</DisplayMask>
              <ImeMode>auto</ImeMode>
              <ValidForUpdateApi>1</ValidForUpdateApi>
              <ValidForReadApi>1</ValidForReadApi>
              <ValidForCreateApi>0</ValidForCreateApi>
              <IsCustomField>0</IsCustomField>
              <IsAuditEnabled>1</IsAuditEnabled>
              <IsSecured>0</IsSecured>
              <IntroducedVersion>1.0.0.0</IntroducedVersion>
              <IsCustomizable>1</IsCustomizable>
              <IsRenameable>1</IsRenameable>
              <CanModifySearchSettings>1</CanModifySearchSettings>
              <CanModifyRequirementLevelSettings>1</CanModifyRequirementLevelSettings>
              <CanModifyAdditionalSettings>1</CanModifyAdditionalSettings>
              <SourceType>0</SourceType>
              <IsGlobalFilterEnabled>0</IsGlobalFilterEnabled>
              <IsSortableEnabled>0</IsSortableEnabled>
              <CanModifyGlobalFilterSettings>1</CanModifyGlobalFilterSettings>
              <CanModifyIsSortableSettings>1</CanModifyIsSortableSettings>
              <IsDataSourceSecret>0</IsDataSourceSecret>
              <AutoNumberFormat></AutoNumberFormat>
              <IsSearchable>0</IsSearchable>
              <IsFilterable>1</IsFilterable>
              <IsRetrievable>0</IsRetrievable>
              <IsLocalizable>0</IsLocalizable>
              <optionset Name="cr294_specialfundrequest_statecode">
                <OptionSetType>state</OptionSetType>
                <IntroducedVersion>1.0.0.0</IntroducedVersion>
                <IsCustomizable>1</IsCustomizable>
                <displaynames>
                  <displayname description="状態" languagecode="1041" />
                </displaynames>
                <Descriptions>
                  <Description description="特別定額給付金申請管理の状態" languagecode="1041" />
                </Descriptions>
                <states>
                  <state value="0" defaultstatus="1" invariantname="Active">
                    <labels>
                      <label description="アクティブ" languagecode="1041" />
                    </labels>
                  </state>
                  <state value="1" defaultstatus="2" invariantname="Inactive">
                    <labels>
                      <label description="非アクティブ" languagecode="1041" />
                    </labels>
                  </state>
                </states>
              </optionset>
              <displaynames>
                <displayname description="状態" languagecode="1041" />
              </displaynames>
              <Descriptions>
                <Description description="特別定額給付金申請管理の状態" languagecode="1041" />
              </Descriptions>
            </attribute>
            <attribute PhysicalName="statuscode">
              <Type>status</Type>
              <Name>statuscode</Name>
              <LogicalName>statuscode</LogicalName>
              <RequiredLevel>none</RequiredLevel>
              <DisplayMask>ValidForAdvancedFind|ValidForForm|ValidForGrid</DisplayMask>
              <ImeMode>auto</ImeMode>
              <ValidForUpdateApi>1</ValidForUpdateApi>
              <ValidForReadApi>1</ValidForReadApi>
              <ValidForCreateApi>1</ValidForCreateApi>
              <IsCustomField>0</IsCustomField>
              <IsAuditEnabled>1</IsAuditEnabled>
              <IsSecured>0</IsSecured>
              <IntroducedVersion>1.0.0.0</IntroducedVersion>
              <IsCustomizable>1</IsCustomizable>
              <IsRenameable>1</IsRenameable>
              <CanModifySearchSettings>1</CanModifySearchSettings>
              <CanModifyRequirementLevelSettings>1</CanModifyRequirementLevelSettings>
              <CanModifyAdditionalSettings>1</CanModifyAdditionalSettings>
              <SourceType>0</SourceType>
              <IsGlobalFilterEnabled>0</IsGlobalFilterEnabled>
              <IsSortableEnabled>0</IsSortableEnabled>
              <CanModifyGlobalFilterSettings>1</CanModifyGlobalFilterSettings>
              <CanModifyIsSortableSettings>1</CanModifyIsSortableSettings>
              <IsDataSourceSecret>0</IsDataSourceSecret>
              <AutoNumberFormat></AutoNumberFormat>
              <IsSearchable>0</IsSearchable>
              <IsFilterable>0</IsFilterable>
              <IsRetrievable>0</IsRetrievable>
              <IsLocalizable>0</IsLocalizable>
              <optionset Name="cr294_specialfundrequest_statuscode">
                <OptionSetType>status</OptionSetType>
                <IntroducedVersion>1.0.0.0</IntroducedVersion>
                <IsCustomizable>1</IsCustomizable>
                <displaynames>
                  <displayname description="ステータス" languagecode="1041" />
                </displaynames>
                <Descriptions>
                  <Description description="特別定額給付金申請管理の状態の理由" languagecode="1041" />
                </Descriptions>
                <statuses>
                  <status value="1" state="0">
                    <labels>
                      <label description="アクティブ" languagecode="1041" />
                    </labels>
                  </status>
                  <status value="2" state="1">
                    <labels>
                      <label description="非アクティブ" languagecode="1041" />
                    </labels>
                  </status>
                </statuses>
              </optionset>
              <displaynames>
                <displayname description="ステータス" languagecode="1041" />
              </displaynames>
              <Descriptions>
                <Description description="特別定額給付金申請管理の状態の理由" languagecode="1041" />
              </Descriptions>
            </attribute>
            <attribute PhysicalName="TimeZoneRuleVersionNumber">
              <Type>int</Type>
              <Name>timezoneruleversionnumber</Name>
              <LogicalName>timezoneruleversionnumber</LogicalName>
              <RequiredLevel>none</RequiredLevel>
              <ImeMode>auto</ImeMode>
              <ValidForUpdateApi>1</ValidForUpdateApi>
              <ValidForReadApi>1</ValidForReadApi>
              <ValidForCreateApi>1</ValidForCreateApi>
              <IsCustomField>0</IsCustomField>
              <IsAuditEnabled>0</IsAuditEnabled>
              <IsSecured>0</IsSecured>
              <IntroducedVersion>1.0.0.0</IntroducedVersion>
              <IsCustomizable>1</IsCustomizable>
              <IsRenameable>1</IsRenameable>
              <CanModifySearchSettings>1</CanModifySearchSettings>
              <CanModifyRequirementLevelSettings>1</CanModifyRequirementLevelSettings>
              <CanModifyAdditionalSettings>1</CanModifyAdditionalSettings>
              <SourceType>0</SourceType>
              <IsGlobalFilterEnabled>0</IsGlobalFilterEnabled>
              <IsSortableEnabled>0</IsSortableEnabled>
              <CanModifyGlobalFilterSettings>1</CanModifyGlobalFilterSettings>
              <CanModifyIsSortableSettings>1</CanModifyIsSortableSettings>
              <IsDataSourceSecret>0</IsDataSourceSecret>
              <AutoNumberFormat></AutoNumberFormat>
              <IsSearchable>0</IsSearchable>
              <IsFilterable>0</IsFilterable>
              <IsRetrievable>0</IsRetrievable>
              <IsLocalizable>0</IsLocalizable>
              <Format></Format>
              <MinValue>-1</MinValue>
              <MaxValue>2147483647</MaxValue>
              <displaynames>
                <displayname description="タイム ゾーン規則のバージョン番号" languagecode="1041" />
              </displaynames>
              <Descriptions>
                <Description description="内部のみで使用します。" languagecode="1041" />
              </Descriptions>
            </attribute>
            <attribute PhysicalName="UTCConversionTimeZoneCode">
              <Type>int</Type>
              <Name>utcconversiontimezonecode</Name>
              <LogicalName>utcconversiontimezonecode</LogicalName>
              <RequiredLevel>none</RequiredLevel>
              <ImeMode>auto</ImeMode>
              <ValidForUpdateApi>1</ValidForUpdateApi>
              <ValidForReadApi>1</ValidForReadApi>
              <ValidForCreateApi>1</ValidForCreateApi>
              <IsCustomField>0</IsCustomField>
              <IsAuditEnabled>0</IsAuditEnabled>
              <IsSecured>0</IsSecured>
              <IntroducedVersion>1.0.0.0</IntroducedVersion>
              <IsCustomizable>1</IsCustomizable>
              <IsRenameable>1</IsRenameable>
              <CanModifySearchSettings>1</CanModifySearchSettings>
              <CanModifyRequirementLevelSettings>1</CanModifyRequirementLevelSettings>
              <CanModifyAdditionalSettings>1</CanModifyAdditionalSettings>
              <SourceType>0</SourceType>
              <IsGlobalFilterEnabled>0</IsGlobalFilterEnabled>
              <IsSortableEnabled>0</IsSortableEnabled>
              <CanModifyGlobalFilterSettings>1</CanModifyGlobalFilterSettings>
              <CanModifyIsSortableSettings>1</CanModifyIsSortableSettings>
              <IsDataSourceSecret>0</IsDataSourceSecret>
              <AutoNumberFormat></AutoNumberFormat>
              <IsSearchable>0</IsSearchable>
              <IsFilterable>0</IsFilterable>
              <IsRetrievable>0</IsRetrievable>
              <IsLocalizable>0</IsLocalizable>
              <Format></Format>
              <MinValue>-1</MinValue>
              <MaxValue>2147483647</MaxValue>
              <displaynames>
                <displayname description="UTC 変換タイム ゾーン コード" languagecode="1041" />
              </displaynames>
              <Descriptions>
                <Description description="レコードが作成されたときに使用中だったタイム ゾーン コードです。" languagecode="1041" />
              </Descriptions>
            </attribute>
          </attributes>
          <EntitySetName>cr294_specialfundrequests</EntitySetName>
          <IsDuplicateCheckSupported>1</IsDuplicateCheckSupported>
          <IsBusinessProcessEnabled>0</IsBusinessProcessEnabled>
          <IsRequiredOffline>0</IsRequiredOffline>
          <IsInteractionCentricEnabled>0</IsInteractionCentricEnabled>
          <IsCollaboration>0</IsCollaboration>
          <AutoRouteToOwnerQueue>0</AutoRouteToOwnerQueue>
          <IsConnectionsEnabled>0</IsConnectionsEnabled>
          <IsDocumentManagementEnabled>0</IsDocumentManagementEnabled>
          <IsOneNoteIntegrationEnabled>0</IsOneNoteIntegrationEnabled>
          <IsKnowledgeManagementEnabled>0</IsKnowledgeManagementEnabled>
          <IsSLAEnabled>0</IsSLAEnabled>
          <IsDocumentRecommendationsEnabled>0</IsDocumentRecommendationsEnabled>
          <IsBPFEntity>0</IsBPFEntity>
          <OwnershipTypeMask>UserOwned</OwnershipTypeMask>
          <IsAuditEnabled>0</IsAuditEnabled>
          <IsRetrieveAuditEnabled>0</IsRetrieveAuditEnabled>
          <IsRetrieveMultipleAuditEnabled>0</IsRetrieveMultipleAuditEnabled>
          <IsActivity>0</IsActivity>
          <ActivityTypeMask>CommunicationActivity</ActivityTypeMask>
          <IsActivityParty>0</IsActivityParty>
          <IsReplicated>0</IsReplicated>
          <IsReplicationUserFiltered>0</IsReplicationUserFiltered>
          <IsMailMergeEnabled>1</IsMailMergeEnabled>
          <IsVisibleInMobile>0</IsVisibleInMobile>
          <IsVisibleInMobileClient>0</IsVisibleInMobileClient>
          <IsReadOnlyInMobileClient>0</IsReadOnlyInMobileClient>
          <IsOfflineInMobileClient>0</IsOfflineInMobileClient>
          <DaysSinceRecordLastModified>0</DaysSinceRecordLastModified>
          <MobileOfflineFilters></MobileOfflineFilters>
          <IsMapiGridEnabled>1</IsMapiGridEnabled>
          <IsReadingPaneEnabled>1</IsReadingPaneEnabled>
          <IsQuickCreateEnabled>0</IsQuickCreateEnabled>
          <SyncToExternalSearchIndex>0</SyncToExternalSearchIndex>
          <IntroducedVersion>1.0.0.0</IntroducedVersion>
          <IsCustomizable>1</IsCustomizable>
          <IsRenameable>1</IsRenameable>
          <IsMappable>1</IsMappable>
          <CanModifyAuditSettings>1</CanModifyAuditSettings>
          <CanModifyMobileVisibility>1</CanModifyMobileVisibility>
          <CanModifyMobileClientVisibility>1</CanModifyMobileClientVisibility>
          <CanModifyMobileClientReadOnly>1</CanModifyMobileClientReadOnly>
          <CanModifyMobileClientOffline>1</CanModifyMobileClientOffline>
          <CanModifyConnectionSettings>1</CanModifyConnectionSettings>
          <CanModifyDuplicateDetectionSettings>1</CanModifyDuplicateDetectionSettings>
          <CanModifyMailMergeSettings>1</CanModifyMailMergeSettings>
          <CanModifyQueueSettings>1</CanModifyQueueSettings>
          <CanCreateAttributes>1</CanCreateAttributes>
          <CanCreateForms>1</CanCreateForms>
          <CanCreateCharts>1</CanCreateCharts>
          <CanCreateViews>1</CanCreateViews>
          <CanModifyAdditionalSettings>1</CanModifyAdditionalSettings>
          <CanEnableSyncToExternalSearchIndex>1</CanEnableSyncToExternalSearchIndex>
          <EnforceStateTransitions>0</EnforceStateTransitions>
          <CanChangeHierarchicalRelationship>1</CanChangeHierarchicalRelationship>
          <EntityHelpUrlEnabled>0</EntityHelpUrlEnabled>
          <ChangeTrackingEnabled>0</ChangeTrackingEnabled>
          <CanChangeTrackingBeEnabled>1</CanChangeTrackingBeEnabled>
          <IsEnabledForExternalChannels>0</IsEnabledForExternalChannels>
          <IsSolutionAware>0</IsSolutionAware>
        </entity>
      </EntityInfo>
      <FormXml>
        <forms type="card">
          <systemform>
            <formid>{2984652c-acf2-44c0-9afb-09fd8c89d079}</formid>
            <IntroducedVersion>1.0.0.0</IntroducedVersion>
            <FormPresentation>1</FormPresentation>
            <FormActivationState>1</FormActivationState>
            <form>
              <tabs>
                <tab name="general" verticallayout="true" id="{b22739a5-1ae0-4c66-bec5-c9563a43cfcd}" IsUserDefined="0">
                  <labels>
                    <label description="" languagecode="1041" />
                  </labels>
                  <columns>
                    <column width="25%">
                      <sections>
                        <section name="ColorStrip" showlabel="false" showbar="false" columns="1" IsUserDefined="0" id="{2cc10ecb-be1a-4783-a093-57912a3e6b62}">
                          <labels>
                            <label description="ColorStrip" languagecode="1041" />
                          </labels>
                        </section>
                      </sections>
                    </column>
                    <column width="75%">
                      <sections>
                        <section name="CardHeader" showlabel="false" showbar="false" columns="111" id="{7d0680d5-0206-4666-87f1-7454bf10aa1f}" IsUserDefined="0">
                          <labels>
                            <label description="ヘッダー" languagecode="1041" />
                          </labels>
                          <rows>
                            <row>
                              <cell id="{c64eb50b-ad29-442d-98e0-4f9d0d832e06}" showlabel="true" locklevel="0">
                                <labels>
                                  <label description="ステータス" languagecode="1041" />
                                </labels>
                                <control id="statuscode" classid="{5D68B988-0661-4db2-BC3E-17598AD3BE6C}" datafieldname="statuscode" disabled="false" />
                              </cell>
                              <cell id="{59575ed6-efb2-4a0a-8a4b-d2e3f036e95c}" showlabel="true" locklevel="0">
                                <labels>
                                  <label description="" languagecode="1041" />
                                </labels>
                              </cell>
                              <cell id="{77d15a42-94d2-4adf-b4d8-c6f727976ea3}" showlabel="true" locklevel="0">
                                <labels>
                                  <label description="" languagecode="1041" />
                                </labels>
                              </cell>
                            </row>
                          </rows>
                        </section>
                        <section name="CardDetails" showlabel="false" showbar="false" columns="1" id="{d45b4fab-c7a9-4be8-b83b-3899b02adc82}" IsUserDefined="0">
                          <labels>
                            <label description="詳細" languagecode="1041" />
                          </labels>
                          <rows>
                            <row>
                              <cell id="{00174640-0f06-4e5a-bc32-e99ea0bcf5ef}" showlabel="true" locklevel="0">
                                <labels>
                                  <label description="申請番号" languagecode="1041" />
                                </labels>
                                <control id="cr294_applicationno" classid="{4273EDBD-AC1D-40d3-9FB2-095C621B552D}" datafieldname="cr294_applicationno" disabled="false" />
                              </cell>
                            </row>
                          </rows>
                        </section>
                        <section name="CardFooter" showlabel="false" columns="1111" showbar="false" id="{aa03ccf8-8dc5-483b-85fe-d95cd2739576}" IsUserDefined="0">
                          <labels>
                            <label description="フッター" languagecode="1041" />
                          </labels>
                          <rows>
                            <row>
                              <cell id="{324af4a2-f05e-45df-8d50-b3a167b2357c}" showlabel="true" locklevel="0">
                                <labels>
                                  <label description="所有者" languagecode="1041" />
                                </labels>
                                <control id="ownerid" classid="{270BD3DB-D9AF-4782-9025-509E298DEC0A}" datafieldname="ownerid" disabled="false" />
                              </cell>
                              <cell id="{c5137007-fb19-46fc-a70c-30366ab025e7}" showlabel="true" locklevel="0">
                                <labels>
                                  <label description="作成日" languagecode="1041" />
                                </labels>
                                <control id="createdon" classid="{270BD3DB-D9AF-4782-9025-509E298DEC0A}" datafieldname="createdon" disabled="false" />
                              </cell>
                              <cell id="{235d8c4a-3aee-4a83-865d-f45c6a2faa0a}" showlabel="true" locklevel="0">
                                <labels>
                                  <label description="" languagecode="1041" />
                                </labels>
                              </cell>
                              <cell id="{8a1873b3-f0c4-4768-9db9-2df5f3084818}" showlabel="true" locklevel="0">
                                <labels>
                                  <label description="" languagecode="1041" />
                                </labels>
                              </cell>
                            </row>
                          </rows>
                        </section>
                      </sections>
                    </column>
                  </columns>
                </tab>
              </tabs>
            </form>
            <IsCustomizable>1</IsCustomizable>
            <CanBeDeleted>1</CanBeDeleted>
            <LocalizedNames>
              <LocalizedName description="情報" languagecode="1041" />
            </LocalizedNames>
            <Descriptions>
              <Description description="このエンティティ用のカード フォームです。" languagecode="1041" />
            </Descriptions>
          </systemform>
        </forms>
        <forms type="main">
          <systemform>
            <formid>{578f80d8-5b2c-4913-ba17-e9287dbb1e49}</formid>
            <IntroducedVersion>1.0.0.0</IntroducedVersion>
            <FormPresentation>1</FormPresentation>
            <FormActivationState>1</FormActivationState>
            <form headerdensity="HighWithControls">
              <tabs>
                <tab verticallayout="true" id="{b536c2a5-1204-4cdc-a2bb-146be11cd6af}" IsUserDefined="1">
                  <labels>
                    <label description="全般" languagecode="1041" />
                  </labels>
                  <columns>
                    <column width="100%">
                      <sections>
                        <section showlabel="false" showbar="false" IsUserDefined="0" id="{f8162122-69e0-455c-8f25-92d1af9ec906}">
                          <labels>
                            <label description="全般" languagecode="1041" />
                          </labels>
                          <rows>
                            <row>
                              <cell id="{c6806f67-b6a7-4b0e-8344-64523a7ed3e5}">
                                <labels>
                                  <label description="申請番号" languagecode="1041" />
                                </labels>
                                <control id="cr294_applicationno" classid="{4273EDBD-AC1D-40d3-9FB2-095C621B552D}" datafieldname="cr294_applicationno" />
                              </cell>
                            </row>
                            <row>
                              <cell id="{1fd02402-2957-49ff-87e7-f3d848ffb13e}" showlabel="true" locklevel="0">
                                <labels>
                                  <label description="申請状況" languagecode="1041" />
                                </labels>
                                <control id="cr294_applicationstatus" classid="{3EF39988-22BB-4F0B-BBBE-64B5A3748AEE}" datafieldname="cr294_applicationstatus" disabled="false" />
                              </cell>
                            </row>
                            <row>
                              <cell id="{ad06fb4a-e85f-4c13-a961-988a80aa06c4}" showlabel="true" locklevel="0">
                                <labels>
                                  <label description="更新日" languagecode="1041" />
                                </labels>
                                <control id="cr294_updatedate" classid="{5B773807-9FB2-42DB-97C3-7A91EFF8ADFF}" datafieldname="cr294_updatedate" disabled="false" />
                              </cell>
                            </row>
                            <row>
                              <cell id="{970152db-29f8-40f7-be47-bf90906b589f}" showlabel="true" locklevel="0">
                                <labels>
                                  <label description="振込日(目安)" languagecode="1041" />
                                </labels>
                                <control id="cr294_plannedbanktransferdate" classid="{5B773807-9FB2-42DB-97C3-7A91EFF8ADFF}" datafieldname="cr294_plannedbanktransferdate" disabled="false" />
                              </cell>
                            </row>
                            <row>
                              <cell id="{83357ae3-00a0-4d4c-b9a7-70e381ac5bd7}">
                                <labels>
                                  <label description="所有者" languagecode="1041" />
                                </labels>
                                <control id="ownerid" classid="{270BD3DB-D9AF-4782-9025-509E298DEC0A}" datafieldname="ownerid" />
                              </cell>
                            </row>
                          </rows>
                        </section>
                      </sections>
                    </column>
                  </columns>
                </tab>
              </tabs>
              <header id="{b90822a3-7cba-4ab7-82ed-234da16493ef}" celllabelposition="Top" columns="111" labelwidth="115" celllabelalignment="Left">
                <rows>
                  <row>
                    <cell id="{f7cc7389-cde2-40bb-97c0-26448f6c5907}" showlabel="false">
                      <labels>
                        <label description="" languagecode="1041" />
                      </labels>
                    </cell>
                    <cell id="{2ae3f4bb-544f-410f-8451-09276df53afd}" showlabel="false">
                      <labels>
                        <label description="" languagecode="1041" />
                      </labels>
                    </cell>
                    <cell id="{17fa390d-5dec-4c07-92f6-a40e2e163772}" showlabel="false">
                      <labels>
                        <label description="" languagecode="1041" />
                      </labels>
                    </cell>
                  </row>
                </rows>
              </header>
              <footer id="{23931611-e2fe-4d11-9291-2cf24e1cdad7}" celllabelposition="Top" columns="111" labelwidth="115" celllabelalignment="Left">
                <rows>
                  <row>
                    <cell id="{fb595a79-8be8-4008-bf71-dfb41b111564}" showlabel="false">
                      <labels>
                        <label description="" languagecode="1041" />
                      </labels>
                    </cell>
                    <cell id="{3b13fb5c-e737-4a3b-8050-998928153e36}" showlabel="false">
                      <labels>
                        <label description="" languagecode="1041" />
                      </labels>
                    </cell>
                    <cell id="{d6736d80-42e3-45b5-9474-b4ac85875b85}" showlabel="false">
                      <labels>
                        <label description="" languagecode="1041" />
                      </labels>
                    </cell>
                  </row>
                </rows>
              </footer>
              <DisplayConditions Order="0" FallbackForm="true" />
            </form>
            <IsCustomizable>1</IsCustomizable>
            <CanBeDeleted>1</CanBeDeleted>
            <LocalizedNames>
              <LocalizedName description="情報" languagecode="1041" />
            </LocalizedNames>
            <Descriptions>
              <Description description="このエンティティ用のフォームです。" languagecode="1041" />
            </Descriptions>
          </systemform>
        </forms>
        <forms type="quick">
          <systemform>
            <formid>{b65edfaf-06d6-4d9b-8261-ec4ecbfa252b}</formid>
            <IntroducedVersion>1.0.0.0</IntroducedVersion>
            <FormPresentation>1</FormPresentation>
            <FormActivationState>1</FormActivationState>
            <form>
              <tabs>
                <tab verticallayout="true" id="{faeae217-381a-44ab-8554-2950b66516cc}" IsUserDefined="1">
                  <labels>
                    <label description="" languagecode="1041" />
                  </labels>
                  <columns>
                    <column width="100%">
                      <sections>
                        <section showlabel="false" showbar="false" IsUserDefined="0" id="{764fabc5-1267-4c5f-8307-1b7757cd86cf}">
                          <labels>
                            <label description="全般" languagecode="1041" />
                          </labels>
                          <rows>
                            <row>
                              <cell id="{f4fb23ce-2bdb-48df-b0be-b6e61132fa56}">
                                <labels>
                                  <label description="申請番号" languagecode="1041" />
                                </labels>
                                <control id="cr294_applicationno" classid="{4273EDBD-AC1D-40d3-9FB2-095C621B552D}" datafieldname="cr294_applicationno" />
                              </cell>
                            </row>
                            <row>
                              <cell id="{713a6c29-86e1-4f9e-840f-0f4085c60433}">
                                <labels>
                                  <label description="所有者" languagecode="1041" />
                                </labels>
                                <control id="ownerid" classid="{270BD3DB-D9AF-4782-9025-509E298DEC0A}" datafieldname="ownerid" />
                              </cell>
                            </row>
                          </rows>
                        </section>
                      </sections>
                    </column>
                  </columns>
                </tab>
              </tabs>
            </form>
            <IsCustomizable>1</IsCustomizable>
            <CanBeDeleted>1</CanBeDeleted>
            <LocalizedNames>
              <LocalizedName description="情報" languagecode="1041" />
            </LocalizedNames>
          </systemform>
        </forms>
      </FormXml>
      <SavedQueries>
        <savedqueries>
          <savedquery>
            <IsCustomizable>1</IsCustomizable>
            <CanBeDeleted>0</CanBeDeleted>
            <isquickfindquery>0</isquickfindquery>
            <isprivate>0</isprivate>
            <isdefault>1</isdefault>
            <savedqueryid>{92729e9c-941e-4c73-8f97-a34423fe35d8}</savedqueryid>
            <layoutxml>
              <grid name="resultset" jump="cr294_applicationno" select="1" icon="1" preview="1">
                <row name="result" id="cr294_specialfundrequestid">
                  <cell name="cr294_applicationno" width="300" />
                  <cell name="cr294_applicationstatus" width="100" />
                  <cell name="cr294_updatedate" width="100" />
                  <cell name="cr294_plannedbanktransferdate" width="100" />
                </row>
              </grid>
            </layoutxml>
            <querytype>0</querytype>
            <fetchxml>
              <fetch version="1.0" mapping="logical">
                <entity name="cr294_specialfundrequest">
                  <attribute name="cr294_specialfundrequestid" />
                  <attribute name="cr294_applicationno" />
                  <order attribute="cr294_applicationno" descending="false" />
                  <filter type="and">
                    <condition attribute="statecode" operator="eq" value="0" />
                  </filter>
                  <attribute name="cr294_applicationstatus" />
                  <attribute name="cr294_updatedate" />
                  <attribute name="cr294_plannedbanktransferdate" />
                </entity>
              </fetch>
            </fetchxml>
            <IntroducedVersion>1.0.0.0</IntroducedVersion>
            <LocalizedNames>
              <LocalizedName description="アクティブな特別定額給付金申請管理" languagecode="1041" />
            </LocalizedNames>
          </savedquery>
          <savedquery>
            <IsCustomizable>1</IsCustomizable>
            <CanBeDeleted>0</CanBeDeleted>
            <isquickfindquery>1</isquickfindquery>
            <isprivate>0</isprivate>
            <isdefault>1</isdefault>
            <savedqueryid>{de903bed-f5fb-4f11-8a9a-875834c06d53}</savedqueryid>
            <layoutxml>
              <grid name="resultset" jump="cr294_applicationno" select="1" icon="1" preview="1">
                <row name="result" id="cr294_specialfundrequestid">
                  <cell name="cr294_applicationno" width="300" />
                  <cell name="createdon" width="125" />
                </row>
              </grid>
            </layoutxml>
            <querytype>4</querytype>
            <fetchxml>
              <fetch version="1.0" mapping="logical">
                <entity name="cr294_specialfundrequest">
                  <attribute name="cr294_specialfundrequestid" />
                  <attribute name="cr294_applicationno" />
                  <attribute name="createdon" />
                  <order attribute="cr294_applicationno" descending="false" />
                  <filter type="and">
                    <condition attribute="statecode" operator="eq" value="0" />
                  </filter>
                  <filter type="or" isquickfindfields="1">
                    <condition attribute="cr294_applicationno" operator="like" value="{0}" />
                  </filter>
                </entity>
              </fetch>
            </fetchxml>
            <IntroducedVersion>1.0.0.0</IntroducedVersion>
            <LocalizedNames>
              <LocalizedName description="アクティブな特別定額給付金申請管理の簡易検索" languagecode="1041" />
            </LocalizedNames>
          </savedquery>
          <savedquery>
            <IsCustomizable>1</IsCustomizable>
            <CanBeDeleted>1</CanBeDeleted>
            <isquickfindquery>0</isquickfindquery>
            <isprivate>0</isprivate>
            <isdefault>0</isdefault>
            <savedqueryid>{667ed052-888b-ea11-a811-000d3a35b965}</savedqueryid>
            <layoutxml>
              <grid name="resultset" jump="cr294_applicationno" select="1" icon="1" preview="1">
                <row name="result" id="cr294_specialfundrequestid">
                  <cell name="cr294_applicationno" width="200" />
                  <cell name="cr294_applicationstatus" width="100" />
                  <cell name="cr294_updatedate" width="100" />
                  <cell name="cr294_plannedbanktransferdate" width="100" />
                </row>
              </grid>
            </layoutxml>
            <querytype>0</querytype>
            <fetchxml>
              <fetch version="1.0" output-format="xml-platform" mapping="logical">
    <entity name="cr294_specialfundrequest">
        <attribute name="cr294_applicationno" />
        <attribute name="cr294_specialfundrequestid" />
        <attribute name="cr294_applicationstatus" />
        
        <filter type="and">
            <condition attribute="overriddencreatedon" operator="last-year" />
        </filter>
    <attribute name="cr294_updatedate" /><attribute name="cr294_plannedbanktransferdate" /></entity>
</fetch>
            </fetchxml>
            <IntroducedVersion>1.0.0.0</IntroducedVersion>
            <LocalizedNames>
              <LocalizedName description="外部公開用" languagecode="1041" />
            </LocalizedNames>
          </savedquery>
          <savedquery>
            <IsCustomizable>1</IsCustomizable>
            <CanBeDeleted>0</CanBeDeleted>
            <isquickfindquery>0</isquickfindquery>
            <isprivate>0</isprivate>
            <isdefault>1</isdefault>
            <savedqueryid>{93490df7-8088-4dc3-9caf-8737c06cb190}</savedqueryid>
            <layoutxml>
              <grid name="resultset" jump="cr294_applicationno" select="1" icon="1" preview="1">
                <row name="result" id="cr294_specialfundrequestid">
                  <cell name="cr294_applicationno" width="300" />
                  <cell name="createdon" width="125" />
                </row>
              </grid>
            </layoutxml>
            <querytype>1</querytype>
            <fetchxml>
              <fetch version="1.0" mapping="logical">
                <entity name="cr294_specialfundrequest">
                  <attribute name="cr294_specialfundrequestid" />
                  <attribute name="cr294_applicationno" />
                  <attribute name="createdon" />
                  <order attribute="cr294_applicationno" descending="false" />
                </entity>
              </fetch>
            </fetchxml>
            <IntroducedVersion>1.0.0.0</IntroducedVersion>
            <LocalizedNames>
              <LocalizedName description="特別定額給付金申請管理の高度な検索ビュー" languagecode="1041" />
            </LocalizedNames>
          </savedquery>
          <savedquery>
            <IsCustomizable>1</IsCustomizable>
            <CanBeDeleted>0</CanBeDeleted>
            <isquickfindquery>0</isquickfindquery>
            <isprivate>0</isprivate>
            <isdefault>1</isdefault>
            <savedqueryid>{b983f0e8-539a-4f45-b7d6-c856f08fd3a9}</savedqueryid>
            <layoutxml>
              <grid name="cr294_specialfundrequests" jump="cr294_applicationno" select="1" icon="1" preview="0">
                <row name="cr294_specialfundrequest" id="cr294_specialfundrequestid">
                  <cell name="cr294_applicationno" width="300" />
                  <cell name="createdon" width="125" />
                </row>
              </grid>
            </layoutxml>
            <querytype>64</querytype>
            <fetchxml>
              <fetch version="1.0" mapping="logical">
                <entity name="cr294_specialfundrequest">
                  <attribute name="cr294_specialfundrequestid" />
                  <attribute name="cr294_applicationno" />
                  <attribute name="createdon" />
                  <filter type="and">
                    <condition attribute="statecode" operator="eq" value="0" />
                  </filter>
                </entity>
              </fetch>
            </fetchxml>
            <IntroducedVersion>1.0.0.0</IntroducedVersion>
            <LocalizedNames>
              <LocalizedName description="特別定額給付金申請管理検索ダイアログ ビュー" languagecode="1041" />
            </LocalizedNames>
          </savedquery>
          <savedquery>
            <IsCustomizable>1</IsCustomizable>
            <CanBeDeleted>0</CanBeDeleted>
            <isquickfindquery>0</isquickfindquery>
            <isprivate>0</isprivate>
            <isdefault>1</isdefault>
            <savedqueryid>{4a19f1ec-d0c5-43b8-a2ac-c3ced20aa0e2}</savedqueryid>
            <layoutxml>
              <grid name="cr294_specialfundrequests" jump="cr294_applicationno" select="1" icon="1" preview="1">
                <row name="cr294_specialfundrequest" id="cr294_specialfundrequestid">
                  <cell name="cr294_applicationno" width="300" />
                  <cell name="createdon" width="125" />
                </row>
              </grid>
            </layoutxml>
            <querytype>2</querytype>
            <fetchxml>
              <fetch version="1.0" mapping="logical">
                <entity name="cr294_specialfundrequest">
                  <attribute name="cr294_specialfundrequestid" />
                  <attribute name="cr294_applicationno" />
                  <attribute name="createdon" />
                  <order attribute="cr294_applicationno" descending="false" />
                  <filter type="and">
                    <condition attribute="statecode" operator="eq" value="0" />
                  </filter>
                </entity>
              </fetch>
            </fetchxml>
            <IntroducedVersion>1.0.0.0</IntroducedVersion>
            <LocalizedNames>
              <LocalizedName description="特別定額給付金申請管理関連ビュー" languagecode="1041" />
            </LocalizedNames>
          </savedquery>
          <savedquery>
            <IsCustomizable>1</IsCustomizable>
            <CanBeDeleted>1</CanBeDeleted>
            <isquickfindquery>0</isquickfindquery>
            <isprivate>0</isprivate>
            <isdefault>1</isdefault>
            <savedqueryid>{c80ca468-b08a-ea11-a811-000d3a35b965}</savedqueryid>
            <querytype>8192</querytype>
            <fetchxml>
              <fetch version="1.0" mapping="logical" output-format="xml-platform">
                <entity name="cr294_specialfundrequest">
                  <attribute name="cr294_specialfundrequestid" />
                  <filter type="and">
                    <condition attribute="statecode" operator="eq" value="0" />
                    <condition attribute="ownerid" operator="eq-userid" />
                  </filter>
                </entity>
              </fetch>
            </fetchxml>
            <IntroducedVersion>1.0.0.0</IntroducedVersion>
            <LocalizedNames>
              <LocalizedName description="自分の特別定額給付金申請管理" languagecode="1041" />
            </LocalizedNames>
            <Descriptions>
              <Description description="自分が所有しているアクティブな特別定額給付金申請管理" languagecode="1041" />
            </Descriptions>
          </savedquery>
          <savedquery>
            <IsCustomizable>1</IsCustomizable>
            <CanBeDeleted>0</CanBeDeleted>
            <isquickfindquery>0</isquickfindquery>
            <isprivate>0</isprivate>
            <isdefault>0</isdefault>
            <savedqueryid>{9e92bbc3-7d2f-4cc0-a264-805ef3b9a037}</savedqueryid>
            <layoutxml>
              <grid name="resultset" jump="cr294_applicationno" select="1" icon="1" preview="1">
                <row name="result" id="cr294_specialfundrequestid">
                  <cell name="cr294_applicationno" width="300" />
                  <cell name="createdon" width="125" />
                </row>
              </grid>
            </layoutxml>
            <querytype>0</querytype>
            <fetchxml>
              <fetch version="1.0" mapping="logical">
                <entity name="cr294_specialfundrequest">
                  <attribute name="cr294_specialfundrequestid" />
                  <attribute name="cr294_applicationno" />
                  <attribute name="createdon" />
                  <order attribute="cr294_applicationno" descending="false" />
                  <filter type="and">
                    <condition attribute="statecode" operator="eq" value="1" />
                  </filter>
                </entity>
              </fetch>
            </fetchxml>
            <IntroducedVersion>1.0.0.0</IntroducedVersion>
            <LocalizedNames>
              <LocalizedName description="非アクティブな特別定額給付金申請管理" languagecode="1041" />
            </LocalizedNames>
          </savedquery>
        </savedqueries>
      </SavedQueries>
      <RibbonDiffXml>
        <CustomActions />
        <Templates>
          <RibbonTemplates Id="Mscrm.Templates"></RibbonTemplates>
        </Templates>
        <CommandDefinitions />
        <RuleDefinitions>
          <TabDisplayRules />
          <DisplayRules />
          <EnableRules />
        </RuleDefinitions>
        <LocLabels />
      </RibbonDiffXml>
    </Entity>
  </Entities>
  <Roles></Roles>
  <Workflows></Workflows>
  <FieldSecurityProfiles></FieldSecurityProfiles>
  <Templates />
  <EntityMaps />
  <EntityRelationships>
    <EntityRelationship Name="business_unit_cr294_specialfundrequest">
      <EntityRelationshipType>OneToMany</EntityRelationshipType>
      <IsCustomizable>1</IsCustomizable>
      <IntroducedVersion>1.0.0.0</IntroducedVersion>
      <IsHierarchical>0</IsHierarchical>
      <ReferencingEntityName>cr294_specialfundrequest</ReferencingEntityName>
      <ReferencedEntityName>BusinessUnit</ReferencedEntityName>
      <CascadeAssign>NoCascade</CascadeAssign>
      <CascadeDelete>NoCascade</CascadeDelete>
      <CascadeReparent>NoCascade</CascadeReparent>
      <CascadeShare>NoCascade</CascadeShare>
      <CascadeUnshare>NoCascade</CascadeUnshare>
      <ReferencingAttributeName>OwningBusinessUnit</ReferencingAttributeName>
      <RelationshipDescription>
        <Descriptions>
          <Description description="レコードを所有する部署を表す一意識別子です" languagecode="1041" />
        </Descriptions>
      </RelationshipDescription>
    </EntityRelationship>
    <EntityRelationship Name="lk_cr294_specialfundrequest_createdby">
      <EntityRelationshipType>OneToMany</EntityRelationshipType>
      <IsCustomizable>1</IsCustomizable>
      <IntroducedVersion>1.0.0.0</IntroducedVersion>
      <IsHierarchical>0</IsHierarchical>
      <ReferencingEntityName>cr294_specialfundrequest</ReferencingEntityName>
      <ReferencedEntityName>SystemUser</ReferencedEntityName>
      <CascadeAssign>NoCascade</CascadeAssign>
      <CascadeDelete>NoCascade</CascadeDelete>
      <CascadeReparent>NoCascade</CascadeReparent>
      <CascadeShare>NoCascade</CascadeShare>
      <CascadeUnshare>NoCascade</CascadeUnshare>
      <ReferencingAttributeName>CreatedBy</ReferencingAttributeName>
      <RelationshipDescription>
        <Descriptions>
          <Description description="レコードを作成したユーザーを表す一意識別子です。" languagecode="1041" />
        </Descriptions>
      </RelationshipDescription>
    </EntityRelationship>
    <EntityRelationship Name="lk_cr294_specialfundrequest_modifiedby">
      <EntityRelationshipType>OneToMany</EntityRelationshipType>
      <IsCustomizable>1</IsCustomizable>
      <IntroducedVersion>1.0.0.0</IntroducedVersion>
      <IsHierarchical>0</IsHierarchical>
      <ReferencingEntityName>cr294_specialfundrequest</ReferencingEntityName>
      <ReferencedEntityName>SystemUser</ReferencedEntityName>
      <CascadeAssign>NoCascade</CascadeAssign>
      <CascadeDelete>NoCascade</CascadeDelete>
      <CascadeReparent>NoCascade</CascadeReparent>
      <CascadeShare>NoCascade</CascadeShare>
      <CascadeUnshare>NoCascade</CascadeUnshare>
      <ReferencingAttributeName>ModifiedBy</ReferencingAttributeName>
      <RelationshipDescription>
        <Descriptions>
          <Description description="レコードを修正したユーザーを表す一意識別子です。" languagecode="1041" />
        </Descriptions>
      </RelationshipDescription>
    </EntityRelationship>
    <EntityRelationship Name="owner_cr294_specialfundrequest">
      <EntityRelationshipType>OneToMany</EntityRelationshipType>
      <IsCustomizable>1</IsCustomizable>
      <IntroducedVersion>1.0.0.0</IntroducedVersion>
      <IsHierarchical>0</IsHierarchical>
      <ReferencingEntityName>cr294_specialfundrequest</ReferencingEntityName>
      <ReferencedEntityName>Owner</ReferencedEntityName>
      <CascadeAssign>NoCascade</CascadeAssign>
      <CascadeDelete>NoCascade</CascadeDelete>
      <CascadeReparent>NoCascade</CascadeReparent>
      <CascadeShare>NoCascade</CascadeShare>
      <CascadeUnshare>NoCascade</CascadeUnshare>
      <ReferencingAttributeName>OwnerId</ReferencingAttributeName>
      <RelationshipDescription>
        <Descriptions>
          <Description description="所有者 ID" languagecode="1041" />
        </Descriptions>
      </RelationshipDescription>
    </EntityRelationship>
    <EntityRelationship Name="team_cr294_specialfundrequest">
      <EntityRelationshipType>OneToMany</EntityRelationshipType>
      <IsCustomizable>1</IsCustomizable>
      <IntroducedVersion>1.0.0.0</IntroducedVersion>
      <IsHierarchical>0</IsHierarchical>
      <ReferencingEntityName>cr294_specialfundrequest</ReferencingEntityName>
      <ReferencedEntityName>Team</ReferencedEntityName>
      <CascadeAssign>NoCascade</CascadeAssign>
      <CascadeDelete>NoCascade</CascadeDelete>
      <CascadeReparent>NoCascade</CascadeReparent>
      <CascadeShare>NoCascade</CascadeShare>
      <CascadeUnshare>NoCascade</CascadeUnshare>
      <ReferencingAttributeName>OwningTeam</ReferencingAttributeName>
      <RelationshipDescription>
        <Descriptions>
          <Description description="レコードを所有するチームを表す一意識別子です。" languagecode="1041" />
        </Descriptions>
      </RelationshipDescription>
    </EntityRelationship>
    <EntityRelationship Name="user_cr294_specialfundrequest">
      <EntityRelationshipType>OneToMany</EntityRelationshipType>
      <IsCustomizable>1</IsCustomizable>
      <IntroducedVersion>1.0.0.0</IntroducedVersion>
      <IsHierarchical>0</IsHierarchical>
      <ReferencingEntityName>cr294_specialfundrequest</ReferencingEntityName>
      <ReferencedEntityName>SystemUser</ReferencedEntityName>
      <CascadeAssign>NoCascade</CascadeAssign>
      <CascadeDelete>NoCascade</CascadeDelete>
      <CascadeReparent>NoCascade</CascadeReparent>
      <CascadeShare>NoCascade</CascadeShare>
      <CascadeUnshare>NoCascade</CascadeUnshare>
      <ReferencingAttributeName>OwningUser</ReferencingAttributeName>
      <RelationshipDescription>
        <Descriptions>
          <Description description="レコードを所有するユーザーを表す一意識別子です。" languagecode="1041" />
        </Descriptions>
      </RelationshipDescription>
    </EntityRelationship>
  </EntityRelationships>
  <OrganizationSettings />
  <optionsets>
    <optionset Name="cr294_applicationstatus" localizedName="申請状況">
      <OptionSetType>picklist</OptionSetType>
      <IsGlobal>1</IsGlobal>
      <IntroducedVersion>1.0.0.0</IntroducedVersion>
      <IsCustomizable>1</IsCustomizable>
      <displaynames>
        <displayname description="申請状況" languagecode="1041" />
      </displaynames>
      <Descriptions>
        <Description description="" languagecode="1041" />
      </Descriptions>
      <options>
        <option value="670190000">
          <labels>
            <label description="申請受理" languagecode="1041" />
          </labels>
        </option>
        <option value="670190001">
          <labels>
            <label description="審査中" languagecode="1041" />
          </labels>
        </option>
        <option value="670190002">
          <labels>
            <label description="振込処理中" languagecode="1041" />
          </labels>
        </option>
        <option value="670190003">
          <labels>
            <label description="振込済" languagecode="1041" />
          </labels>
        </option>
        <option value="670190004">
          <labels>
            <label description="却下" languagecode="1041" />
          </labels>
        </option>
      </options>
    </optionset>
  </optionsets>
  <CustomControls />
  <AppModuleSiteMaps>
    <AppModuleSiteMap>
      <SiteMapUniqueName>cr294_specialfundrequestapp</SiteMapUniqueName>
      <SiteMap IntroducedVersion="7.0.0.0">
        <Area Id="New_Area" ResourceId="SitemapDesigner.NewArea" DescriptionResourceId="SitemapDesigner.NewArea" ShowGroups="true" IntroducedVersion="7.0.0.0">
          <Titles>
            <Title LCID="1041" Title="申請業務" />
          </Titles>
          <Group Id="New_Group" ResourceId="SitemapDesigner.NewGroup" DescriptionResourceId="SitemapDesigner.NewGroup" IntroducedVersion="7.0.0.0" IsProfile="false" ToolTipResourseId="SitemapDesigner.Unknown">
            <Titles>
              <Title LCID="1041" Title="特別定額給付金" />
            </Titles>
            <SubArea Id="New_SubArea" Icon="/_imgs/imagestrips/transparent_spacer.gif" IntroducedVersion="7.0.0.0" Entity="cr294_specialfundrequest" Client="All,Outlook,OutlookLaptopClient,OutlookWorkstationClient,Web" AvailableOffline="true" PassParams="false" Sku="All,OnPremise,Live,SPLA" />
          </Group>
        </Area>
      </SiteMap>
      <LocalizedNames>
        <LocalizedName description="特別定額給付金申請管理" languagecode="1041" />
      </LocalizedNames>
    </AppModuleSiteMap>
  </AppModuleSiteMaps>
  <AppModules>
    <AppModule>
      <UniqueName>cr294_specialfundrequestapp</UniqueName>
      <IntroducedVersion>1.0.0.0</IntroducedVersion>
      <WebResourceId>953b9fac-1e5e-e611-80d6-00155ded156f</WebResourceId>
      <OptimizedFor></OptimizedFor>
      <FormFactor>1</FormFactor>
      <ClientType>4</ClientType>
      <NavigationType>0</NavigationType>
      <AppModuleComponents>
        <AppModuleComponent type="62" schemaName="cr294_specialfundrequestapp" />
        <AppModuleComponent type="1" schemaName="cr294_specialfundrequest" />
      </AppModuleComponents>
      <AppModuleRoleMaps>
        <Role id="{627090ff-40a3-4053-8790-584edc5be201}" />
        <Role id="{119f245c-3cc8-4b62-b31c-d1a046ced15d}" />
      </AppModuleRoleMaps>
      <LocalizedNames>
        <LocalizedName description="特別定額給付金申請管理" languagecode="1041" />
      </LocalizedNames>
    </AppModule>
  </AppModules>
  <EntityDataProviders />
  <Languages>
    <Language>1041</Language>
  </Languages>
</ImportExportXml>