{"name":"af38ac33-45b3-4467-baa9-92776a91ebf4","id":"/providers/Microsoft.Flow/flows/af38ac33-45b3-4467-baa9-92776a91ebf4","type":"Microsoft.Flow/flows","properties":{"apiId":"/providers/Microsoft.PowerApps/apis/shared_logicflows","displayName":"受付状況問い合わせ自動対応","definition":{"metadata":{"workflowEntityId":null,"creator":{"id":"461a8be8-d212-48b8-a361-541e5074ff98","type":"User","tenantId":"e171cc38-5ee3-4bb8-b692-b5a3a786a0cd"},"provisioningMethod":"FromDefinition","failureAlertSubscription":true,"clientLastModifiedTime":"2020-06-04T05:25:39.8964238Z"},"$schema":"https://schema.management.azure.com/providers/Microsoft.Logic/schemas/2016-06-01/workflowdefinition.json#","contentVersion":"1.0.0.0","parameters":{"$connections":{"defaultValue":{},"type":"Object"},"$authentication":{"defaultValue":{},"type":"SecureObject"}},"triggers":{"manual":{"type":"Request","kind":"Http","inputs":{"schema":{"type":"object","properties":{"number":{"type":"string"}}},"method":"POST"}}},"actions":{"レコードの一覧表示":{"runAfter":{"変数を初期化する":["Succeeded"]},"metadata":{"flowSystemMetadata":{"swaggerOperationId":"GetItems_V2"}},"type":"ApiConnection","inputs":{"host":{"connection":{"name":"@parameters('$connections')['shared_commondataservice']['connectionId']"},"api":{"runtimeUrl":"https://unitedstates-002.azure-apim.net/apim/commondataservice"}},"method":"get","path":"/v2/datasets/@{encodeURIComponent(encodeURIComponent('default.cds'))}/tables/@{encodeURIComponent(encodeURIComponent('cr294_specialfundrequests'))}/items","queries":{"$filter":"cr294_applicationno eq '@{triggerBody()?['number']}'","$top":1},"authentication":"@parameters('$authentication')"}},"応答":{"runAfter":{"Apply_to_each":["Succeeded"]},"type":"Response","kind":"Http","inputs":{"statusCode":200,"headers":{"content-type":"application/json"},"body":"@variables('結果')","schema":{"type":"object","properties":{"status":{"type":"string"}}}}},"Apply_to_each":{"foreach":"@body('レコードの一覧表示')?['value']","actions":{"レコードの取得":{"runAfter":{},"metadata":{"flowSystemMetadata":{"swaggerOperationId":"GetItem_V2"}},"type":"ApiConnection","inputs":{"host":{"connection":{"name":"@parameters('$connections')['shared_commondataservice']['connectionId']"},"api":{"runtimeUrl":"https://unitedstates-002.azure-apim.net/apim/commondataservice"}},"method":"get","path":"/v2/datasets/@{encodeURIComponent(encodeURIComponent('default.cds'))}/tables/@{encodeURIComponent(encodeURIComponent('cr294_specialfundrequests'))}/items/@{encodeURIComponent(encodeURIComponent(items('Apply_to_each')?['cr294_specialfundrequestid']))}","authentication":"@parameters('$authentication')"}},"変数の設定":{"runAfter":{"レコードの取得":["Succeeded"]},"type":"SetVariable","inputs":{"name":"結果","value":"@{items('Apply_to_each')?['_cr294_applicationstatus_label']}"}}},"runAfter":{"レコードの一覧表示":["Succeeded"]},"type":"Foreach"},"変数を初期化する":{"runAfter":{},"type":"InitializeVariable","inputs":{"variables":[{"name":"結果","type":"string","value":"存在しません"}]}}}},"connectionReferences":{"shared_commondataservice":{"connectionName":"shared-commondataser-540c6c12-e0e7-430b-8a42-b9e4b6a146e7","source":"Embedded","id":"/providers/Microsoft.PowerApps/apis/shared_commondataservice","tier":"NotSpecified"}},"flowFailureAlertSubscribed":false}}